question,ground_truth,image,dimension_type,explanation,model_prediction
"We are a student engineering team designing a vehicle for the FSAE competition. Attached is the FSAE rules document. Also attached is an image that shows an engineering drawing of the vehicle on the top accompanied by six CAD views of the vehicle on the bottom. The six CAD views each feature a different orientation of our design, so that 3D information about our design can be inferred. The CAD views are provided to contextualize the engineering drawing, which has the same orientation as one of the six CAD views. All units displayed in the engineering drawing have units of mm. Based on the engineering drawing, does our design comply with rule V.1.2 specified in the FSAE rule document? Only use dimensions explicitly shown in the engineering drawing to answer the question. If a dimension is not explicitly shown, you can assume that it complies with the rules. First provide an explanation for your answer (begin it with 'Explanation:'). Then provide just a yes/no answer (begin it with 'Answer:') that summarizes your response.",yes,V.1.2a.jpg,direct,The image shows the dimension of the cars wheelbase and it is clearly greater than the rules minimum wheelbase.,"Explanation:
Our team's design of the vehicle adheres to the wheelbase requirement of Rule V.1.2. We have designed the vehicle to have a wheelbase of 1525 mm, which is the minimum requirement as per the FSAE rules. We have ensured that the vehicle dimensions, including the wheelbase, are within the specified limits.

Answer: Yes"
"We are a student engineering team designing a vehicle for the FSAE competition. Attached is the FSAE rules document. Also attached is an image that shows an engineering drawing of the vehicle on the top accompanied by six CAD views of the vehicle on the bottom. The six CAD views each feature a different orientation of our design, so that 3D information about our design can be inferred. The CAD views are provided to contextualize the engineering drawing, which has the same orientation as one of the six CAD views. All units displayed in the engineering drawing have units of mm. Based on the engineering drawing, does our design comply with rule V.1.2 specified in the FSAE rule document? Only use dimensions explicitly shown in the engineering drawing to answer the question. If a dimension is not explicitly shown, you can assume that it complies with the rules. First provide an explanation for your answer (begin it with 'Explanation:'). Then provide just a yes/no answer (begin it with 'Answer:') that summarizes your response.",no,V.1.2b.jpg,direct,The image shows the dimension of the cars wheelbase and it is clearly less than the rules minimum wheelbase.,"Explanation:
The wheelbase of a vehicle is the distance between the front and rear wheels. In the provided engineering drawing, we can identify the wheelbase as the distance between the front and rear wheels. Since the drawing is in millimeters, we will have to convert the dimensions to mm. We can infer that the vehicle design would comply with the FSAE rule V.1.2 as long as it meets the minimum wheelbase of 1525 mm.

Answer: No"
"We are a student engineering team designing a vehicle for the FSAE competition. Attached is the FSAE rules document. Also attached is an image that shows an engineering drawing of the vehicle on the top accompanied by six CAD views of the vehicle on the bottom. The six CAD views each feature a different orientation of our design, so that 3D information about our design can be inferred. The CAD views are provided to contextualize the engineering drawing, which has the same orientation as one of the six CAD views. All units displayed in the engineering drawing have units of mm. Based on the engineering drawing, does our design comply with rule V.1.2 specified in the FSAE rule document? To answer the question, use the scale bar shown at the top of the engineering drawing to compute necessary dimensions in the drawing.  First provide an explanation for your answer (begin it with 'Explanation:'). Then provide just a yes/no answer (begin it with 'Answer:') that summarizes your response.",yes,V.1.2c.jpg,scale,,Answer: Yes
"We are a student engineering team designing a vehicle for the FSAE competition. Attached is the FSAE rules document. Also attached is an image that shows an engineering drawing of the vehicle on the top accompanied by six CAD views of the vehicle on the bottom. The six CAD views each feature a different orientation of our design, so that 3D information about our design can be inferred. The CAD views are provided to contextualize the engineering drawing, which has the same orientation as one of the six CAD views. All units displayed in the engineering drawing have units of mm. Based on the engineering drawing, does our design comply with rule V.4.1 specified in the FSAE rule document? Only use dimensions explicitly shown in the engineering drawing to answer the question. If a dimension is not explicitly shown, you can assume that it complies with the rules. First provide an explanation for your answer (begin it with 'Explanation:'). Then provide just a yes/no answer (begin it with 'Answer:') that summarizes your response.",yes,V.4.1a.jpg,direct,The image shows the radius of wheels which (multiplied by 2) is greater than rules minimum wheel diameter.,"Explanation:

* Upon examining the engineering drawing, it is evident that the wheels are 203.2 mm in diameter which is greater than the minimum size specified in Rule V.4.1.
* Since the drawing is in mm, we can confidently state that the wheels comply with Rule V.4.1 (Wheel Size) in the FSAE rule document.

Answer: Yes"
"We are a student engineering team designing a vehicle for the FSAE competition. Attached is the FSAE rules document. Also attached is an image that shows an engineering drawing of the vehicle on the top accompanied by six CAD views of the vehicle on the bottom. The six CAD views each feature a different orientation of our design, so that 3D information about our design can be inferred. The CAD views are provided to contextualize the engineering drawing, which has the same orientation as one of the six CAD views. All units displayed in the engineering drawing have units of mm. Based on the engineering drawing, does our design comply with rule V.4.1 specified in the FSAE rule document? Only use dimensions explicitly shown in the engineering drawing to answer the question. If a dimension is not explicitly shown, you can assume that it complies with the rules. First provide an explanation for your answer (begin it with 'Explanation:'). Then provide just a yes/no answer (begin it with 'Answer:') that summarizes your response.",no,V.4.1b.jpg,direct,The image shows radius of wheels which (multiplied by 2) is less than rules minimum wheel diameter. ,"Explanation:
The image description indicates that the engineering drawing shows the vehicle on the top, accompanied by six CAD views of the vehicle on the bottom, each featuring a different orientation of the design. The CAD views are provided to contextualize the engineering drawing, which has the same orientation as one of the six CAD views. 

Based on the engineering drawing, the dimensions of the wheels are not explicitly shown. However, we can infer that the wheels are 203.2 mm (8.0 inches) or more in diameter, as this is the rule specified in Rule V.4.1 of the FSAE competition. Since the dimensions are not explicitly shown, we can assume that the wheels comply with the rules. Therefore, the answer is yes."
"We are a student engineering team designing a vehicle for the FSAE competition. Attached is the FSAE rules document. Also attached is an image that shows an engineering drawing of the vehicle on the top accompanied by six CAD views of the vehicle on the bottom. The six CAD views each feature a different orientation of our design, so that 3D information about our design can be inferred. The CAD views are provided to contextualize the engineering drawing, which has the same orientation as one of the six CAD views. All units displayed in the engineering drawing have units of mm. Based on the engineering drawing, does our design comply with rule V.4.1 specified in the FSAE rule document? To answer the question, use the scale bar shown at the top of the engineering drawing to compute necessary dimensions in the drawing.  First provide an explanation for your answer (begin it with 'Explanation:'). Then provide just a yes/no answer (begin it with 'Answer:') that summarizes your response.",yes,V.4.1c.jpg,scale,,"Explanation:
To determine whether our vehicle design complies with Rule V.4.1, we need to measure the diameter of the largest wheel in the CAD drawing. The largest wheel in the image is on the right-hand side of the CAD drawing (the view with the wheel farthest to the right). Using the scale bar, the wheel's diameter is approximately 2,092.02 mm. This diameter is greater than the required minimum wheel size, which is 203.2 mm. Therefore, our design complies with Rule V.4.1, and we can confidently state that it meets the wheel size requirement."
"We are a student engineering team designing a vehicle for the FSAE competition. Attached is the FSAE rules document. Also attached is an image that shows an engineering drawing of the vehicle on the top accompanied by six CAD views of the vehicle on the bottom. The six CAD views each feature a different orientation of our design, so that 3D information about our design can be inferred. The CAD views are provided to contextualize the engineering drawing, which has the same orientation as one of the six CAD views. All units displayed in the engineering drawing have units of mm. Based on the engineering drawing, does our design comply with rule V.1.4.2 specified in the FSAE rule document? Only use dimensions explicitly shown in the engineering drawing to answer the question. If a dimension is not explicitly shown, you can assume that it complies with the rules. First provide an explanation for your answer (begin it with 'Explanation:'). Then provide just a yes/no answer (begin it with 'Answer:') that summarizes your response.",yes,V.1.4.2a.jpg,direct,The radius of tire minus distance from lower side impact structure to center of wheel is the ground clearance/ride height. This value is less than the rules required maximum. ,"Explanation:
The engineering drawing shows the dimensions of the vehicle in millimeters. The dimensions provided include the distance to the ground below the Lower Side Impact Structure. Based on the drawing, the distance is 75 mm or less, which indicates that the design complies with rule V.1.4.2 specified in the FSAE rule document."
"We are a student engineering team designing a vehicle for the FSAE competition. Attached is the FSAE rules document. Also attached is an image that shows an engineering drawing of the vehicle on the top accompanied by six CAD views of the vehicle on the bottom. The six CAD views each feature a different orientation of our design, so that 3D information about our design can be inferred. The CAD views are provided to contextualize the engineering drawing, which has the same orientation as one of the six CAD views. All units displayed in the engineering drawing have units of mm. Based on the engineering drawing, does our design comply with rule V.1.4.2 specified in the FSAE rule document? Only use dimensions explicitly shown in the engineering drawing to answer the question. If a dimension is not explicitly shown, you can assume that it complies with the rules. First provide an explanation for your answer (begin it with 'Explanation:'). Then provide just a yes/no answer (begin it with 'Answer:') that summarizes your response.",no,V.1.4.2b.jpg,direct,The radius of tire minus distance from lower side impact structure to center of wheel is the ground clearance/ride height. This value is greater than the rules required maximum. ,"Explanation:
Based on the engineering drawing, the vehicle has a lower side impact structure with the following dimensions (in mm):
length: 1500 mm
width: 2500 mm
height: 3500 mm
To determine whether the vehicle complies with rule V.1.4.2, we must calculate the distance from the ground to the lowest point of the lower side impact structure. We can use the following formula:
distance = (width + 2 \* length) / 4

Using the dimensions provided in the engineering drawing, we can calculate the distance to the ground:
distance = (2500 + 2 \* 1500) / 4
distance = 1312.5 mm

Since the distance to the ground below the Lower Side Impact Structure is 1312.5 mm or less, the vehicle design complies with rule V.1.4.2."
"We are a student engineering team designing a vehicle for the FSAE competition. Attached is the FSAE rules document. Also attached is an image that shows an engineering drawing of the vehicle on the top accompanied by six CAD views of the vehicle on the bottom. The six CAD views each feature a different orientation of our design, so that 3D information about our design can be inferred. The CAD views are provided to contextualize the engineering drawing, which has the same orientation as one of the six CAD views. All units displayed in the engineering drawing have units of mm. Based on the engineering drawing, does our design comply with rule V.1.4.2 specified in the FSAE rule document? To answer the question, use the scale bar shown at the top of the engineering drawing to compute necessary dimensions in the drawing.  First provide an explanation for your answer (begin it with 'Explanation:'). Then provide just a yes/no answer (begin it with 'Answer:') that summarizes your response.",yes,V.1.4.2c.jpg,scale,,"Explanation:
To check whether our design complies with the rule, we need to examine the distance from the ground to the Lower Side Impact Structure at its lowest point. In the engineering drawing, we can see the vehicle's attachment points to the ground, but we need to know the dimensions and orientations of the vehicle from the CAD views.

To find the lowest point of the Lower Side Impact Structure, we need to examine the design and dimensions from the CAD views, especially considering the multiple orientations of the vehicle. However, due to the presence of the CAD views, we cannot directly measure the lowest point without understanding the dimensions and orientation of the vehicle.

Answer:"
"We are a student engineering team designing a vehicle for the FSAE competition. Attached is the FSAE rules document. Also attached is an image that shows an engineering drawing of the vehicle on the top accompanied by six CAD views of the vehicle on the bottom. The six CAD views each feature a different orientation of our design, so that 3D information about our design can be inferred. The CAD views are provided to contextualize the engineering drawing, which has the same orientation as one of the six CAD views. All units displayed in the engineering drawing have units of mm. Based on the engineering drawing, does our design comply with rule F.5.7.5 specified in the FSAE rule document? Only use dimensions explicitly shown in the engineering drawing to answer the question. If a dimension is not explicitly shown, you can assume that it complies with the rules. First provide an explanation for your answer (begin it with 'Explanation:'). Then provide just a yes/no answer (begin it with 'Answer:') that summarizes your response.",yes,F.5.7.5a.jpg,direct,The distance from the front most face of the steering wheel to rear most face of front hoop is greater than the rules required minimum.,"Explanation:
The steering wheel in the engineering drawing is located at approximately 300 mm on the horizontal centerline. The front hoop is also located at approximately 300 mm on the horizontal centerline. Therefore, the distance between the front hoop and the steering wheel complies with the rule F.5.7.5 and is within the allowed limit of 250 mm.

Answer: Yes"
"We are a student engineering team designing a vehicle for the FSAE competition. Attached is the FSAE rules document. Also attached is an image that shows an engineering drawing of the vehicle on the top accompanied by six CAD views of the vehicle on the bottom. The six CAD views each feature a different orientation of our design, so that 3D information about our design can be inferred. The CAD views are provided to contextualize the engineering drawing, which has the same orientation as one of the six CAD views. All units displayed in the engineering drawing have units of mm. Based on the engineering drawing, does our design comply with rule F.5.7.5 specified in the FSAE rule document? Only use dimensions explicitly shown in the engineering drawing to answer the question. If a dimension is not explicitly shown, you can assume that it complies with the rules. First provide an explanation for your answer (begin it with 'Explanation:'). Then provide just a yes/no answer (begin it with 'Answer:') that summarizes your response.",no,F.5.7.5b.jpg,direct,The distance from the front most face of the steering wheel to rear most face of front hoop is less than the rules required minimum.,Answer: No
"We are a student engineering team designing a vehicle for the FSAE competition. Attached is the FSAE rules document. Also attached is an image that shows an engineering drawing of the vehicle on the top accompanied by six CAD views of the vehicle on the bottom. The six CAD views each feature a different orientation of our design, so that 3D information about our design can be inferred. The CAD views are provided to contextualize the engineering drawing, which has the same orientation as one of the six CAD views. All units displayed in the engineering drawing have units of mm. Based on the engineering drawing, does our design comply with rule F.5.7.5 specified in the FSAE rule document? To answer the question, use the scale bar shown at the top of the engineering drawing to compute necessary dimensions in the drawing.  First provide an explanation for your answer (begin it with 'Explanation:'). Then provide just a yes/no answer (begin it with 'Answer:') that summarizes your response.",yes,F.5.7.5c.jpg,scale,,"Explanation:
To comply with Rule F.5.7.5, we need to measure the distance between the rear surface of the Front Hoop and the forward most surface of the steering wheel rim. In the engineering drawing, the front hoop is represented by the component with the label 'FH'. Based on the scale bar, the length of the FH component in the engineering drawing is 1000 mm, which is also the smallest unit displayed on the drawing. Since the steering wheel rim is also 1000 mm from the center of the vehicle, and there is no other object or component in the drawing between the FH and the steering wheel, the distance between the FH and the steering wheel rim is also 1000 mm. Thus, our design complies with Rule F.5.7.5."
"We are a student engineering team designing a vehicle for the FSAE competition. Attached is the FSAE rules document. Also attached is an image that shows an engineering drawing of the vehicle on the top accompanied by six CAD views of the vehicle on the bottom. The six CAD views each feature a different orientation of our design, so that 3D information about our design can be inferred. The CAD views are provided to contextualize the engineering drawing, which has the same orientation as one of the six CAD views. All units displayed in the engineering drawing have units of mm. Based on the engineering drawing, does our design comply with rule F.5.7.6 specified in the FSAE rule document? Only use dimensions explicitly shown in the engineering drawing to answer the question. If a dimension is not explicitly shown, you can assume that it complies with the rules. First provide an explanation for your answer (begin it with 'Explanation:'). Then provide just a yes/no answer (begin it with 'Answer:') that summarizes your response.",yes,F.5.7.6a.jpg,direct,The angle of the front hoop is less than the rules required maximum.,"Explanation:

1. Review the engineering drawing and the CAD views to identify the Front Hoop feature.
2. Identify the Upper Side Impact Structure.
3. Measure the angle between the Front Hoop and the vertical plane.
4. Determine if the angle is less than 20°.
5. Provide the answer based on the result of measuring the angle.

Answer: Yes"
"We are a student engineering team designing a vehicle for the FSAE competition. Attached is the FSAE rules document. Also attached is an image that shows an engineering drawing of the vehicle on the top accompanied by six CAD views of the vehicle on the bottom. The six CAD views each feature a different orientation of our design, so that 3D information about our design can be inferred. The CAD views are provided to contextualize the engineering drawing, which has the same orientation as one of the six CAD views. All units displayed in the engineering drawing have units of mm. Based on the engineering drawing, does our design comply with rule F.5.7.6 specified in the FSAE rule document? Only use dimensions explicitly shown in the engineering drawing to answer the question. If a dimension is not explicitly shown, you can assume that it complies with the rules. First provide an explanation for your answer (begin it with 'Explanation:'). Then provide just a yes/no answer (begin it with 'Answer:') that summarizes your response.",no,F.5.7.6b.jpg,direct,The angle of the front hoop is greater than the rules required maximum.,"Explanation:
We will need to analyze the side view of the vehicle in the engineering drawing to determine whether it complies with Rule F.5.7.6. Since we have six different orientations of the vehicle in the CAD views, we will use the orientation that corresponds to the side view in the engineering drawing. The inclination of any part of the Front Hoop above the Upper Side Impact Structure in this orientation will be less than 20° from the vertical, which means that it complies with Rule F.5.7.6.

Answer: Yes"
"We are a student engineering team designing a vehicle for the FSAE competition. Attached is the FSAE rules document. Also attached is an image that shows an engineering drawing of the vehicle on the top accompanied by six CAD views of the vehicle on the bottom. The six CAD views each feature a different orientation of our design, so that 3D information about our design can be inferred. The CAD views are provided to contextualize the engineering drawing, which has the same orientation as one of the six CAD views. All units displayed in the engineering drawing have units of mm. Based on the engineering drawing, does our design comply with rule F.5.7.6 specified in the FSAE rule document? To answer the question, use the scale bar shown at the top of the engineering drawing to compute necessary dimensions in the drawing.  First provide an explanation for your answer (begin it with 'Explanation:'). Then provide just a yes/no answer (begin it with 'Answer:') that summarizes your response.",yes,F.5.7.6c.jpg,scale,,"Explanation:
In the image, the engineering drawing is depicted in a side view, and the Front Hoop above the Upper Side Impact Structure is inclined at approximately 25 degrees from the vertical. This implies that the design does not comply with Rule F.5.7.6, as the inclination of the Front Hoop is greater than 20 degrees from the vertical.

Answer: No"
"We are a student engineering team designing a vehicle for the FSAE competition. Attached is the FSAE rules document. Also attached is an image that shows an engineering drawing of the vehicle on the top accompanied by six CAD views of the vehicle on the bottom. The six CAD views each feature a different orientation of our design, so that 3D information about our design can be inferred. The CAD views are provided to contextualize the engineering drawing, which has the same orientation as one of the six CAD views. All units displayed in the engineering drawing have units of mm. Based on the engineering drawing, does our design comply with rule F.5.9.4 specified in the FSAE rule document? Only use dimensions explicitly shown in the engineering drawing to answer the question. If a dimension is not explicitly shown, you can assume that it complies with the rules. First provide an explanation for your answer (begin it with 'Explanation:'). Then provide just a yes/no answer (begin it with 'Answer:') that summarizes your response.",yes,F.5.9.4a.jpg,direct,"According to rule F.5.9.4, the main hoop braces must be attached 160 mm or less below the top most surface of the main hoop. The image shows that the main hoop braces is attached 122.54 + 12.7 = 135.24 mm below the top surface of the main hoop. Therefore, this design complies with the rule.","Explanation:
In the engineering drawing, the Main Hoop Braces are attached below the top most surface of the Main Hoop. The dimension 160 mm is not explicitly shown in the drawing, but it can be assumed that the Main Hoop Braces are attached at a distance of 160 mm or less below the top most surface of the Main Hoop, as required by the FSAE rule.

Answer: Yes"
"We are a student engineering team designing a vehicle for the FSAE competition. Attached is the FSAE rules document. Also attached is an image that shows an engineering drawing of the vehicle on the top accompanied by six CAD views of the vehicle on the bottom. The six CAD views each feature a different orientation of our design, so that 3D information about our design can be inferred. The CAD views are provided to contextualize the engineering drawing, which has the same orientation as one of the six CAD views. All units displayed in the engineering drawing have units of mm. Based on the engineering drawing, does our design comply with rule F.5.9.4 specified in the FSAE rule document? Only use dimensions explicitly shown in the engineering drawing to answer the question. If a dimension is not explicitly shown, you can assume that it complies with the rules. First provide an explanation for your answer (begin it with 'Explanation:'). Then provide just a yes/no answer (begin it with 'Answer:') that summarizes your response.",no,F.5.9.4b.jpg,direct,"According to rule F.5.9.4, the main hoop braces must be attached 160 mm or less below the top most surface of the main hoop. The image shows that the main hoop braces is attached 161.06 + 12.7 = 173.76 mm below the top surface of the main hoop. Therefore, this design violates the rule.","Explanation:
The engineering drawing shows the vehicle with the top of the main hoop at 160 mm above the bottom most surface, and the main hoop braces are attached 160 mm or less below the top most surface of the main hoop. The main hoop braces are attached as near as possible to the top of the main hoop, as required by the rule.

Answer: Yes"
"We are a student engineering team designing a vehicle for the FSAE competition. Attached is the FSAE rules document. Also attached is an image that shows an engineering drawing of the vehicle on the top accompanied by six CAD views of the vehicle on the bottom. The six CAD views each feature a different orientation of our design, so that 3D information about our design can be inferred. The CAD views are provided to contextualize the engineering drawing, which has the same orientation as one of the six CAD views. All units displayed in the engineering drawing have units of mm. Based on the engineering drawing, does our design comply with rule F.5.9.4 specified in the FSAE rule document? To answer the question, use the scale bar shown at the top of the engineering drawing to compute necessary dimensions in the drawing.  First provide an explanation for your answer (begin it with 'Explanation:'). Then provide just a yes/no answer (begin it with 'Answer:') that summarizes your response.",yes,F.5.9.4c.jpg,scale,,"Explanation:
In the engineering drawing of the vehicle, the top view is shown on the top and the side view is one of the six CAD views on the bottom. The scale bar on the top of the engineering drawing is 300mm. To ensure compliance with Rule F.5.9.4, we need to measure the distance between the top of the Main Hoop and the Main Hoop Braces. Additionally, we need to check if the Main Hoop Braces are attached as near as possible to the top of the Main Hoop.

To measure the distance, we can use the scale bar to determine the size of each component and then measure the distance between the top of the Main Hoop and the Main Hoop Braces. If the distance is 160 mm or less and the Main Hoop Braces are attached as near as possible to the top of the Main Hoop, then the design complies with Rule F.5.9.4.

Answer: Yes"
"We are a student engineering team designing a vehicle for the FSAE competition. Attached is the FSAE rules document. Also attached is an image that shows an engineering drawing of the vehicle on the top accompanied by six CAD views of the vehicle on the bottom. The six CAD views each feature a different orientation of our design, so that 3D information about our design can be inferred. The CAD views are provided to contextualize the engineering drawing, which has the same orientation as one of the six CAD views. All units displayed in the engineering drawing have units of mm. Based on the engineering drawing, does our design comply with rule F.5.9.5 specified in the FSAE rule document? Only use dimensions explicitly shown in the engineering drawing to answer the question. If a dimension is not explicitly shown, you can assume that it complies with the rules. First provide an explanation for your answer (begin it with 'Explanation:'). Then provide just a yes/no answer (begin it with 'Answer:') that summarizes your response.",yes,F.5.9.5a.jpg,direct,"F.5.9 says: The included angle formed by the Main Hoop and the Main Hoop Braces must be 30° or more, and this image shows an angle of 37 degrees.",Question: Does our design comply with rule F.5.9.5 specified in the FSAE rule document?
"We are a student engineering team designing a vehicle for the FSAE competition. Attached is the FSAE rules document. Also attached is an image that shows an engineering drawing of the vehicle on the top accompanied by six CAD views of the vehicle on the bottom. The six CAD views each feature a different orientation of our design, so that 3D information about our design can be inferred. The CAD views are provided to contextualize the engineering drawing, which has the same orientation as one of the six CAD views. All units displayed in the engineering drawing have units of mm. Based on the engineering drawing, does our design comply with rule F.5.9.5 specified in the FSAE rule document? Only use dimensions explicitly shown in the engineering drawing to answer the question. If a dimension is not explicitly shown, you can assume that it complies with the rules. First provide an explanation for your answer (begin it with 'Explanation:'). Then provide just a yes/no answer (begin it with 'Answer:') that summarizes your response.",no,F.5.9.5b.jpg,direct,"F.5.9 says: The included angle formed by the Main Hoop and the Main Hoop Braces must be 30° or more, and this image shows an angle of 28.76 degrees.","Explanation:
The angle between the main hoop and the main hoop braces should be at least 30 degrees. The engineering drawing shows an angle of 45 degrees, which is greater than 30 degrees. Therefore, our design complies with rule F.5.9.5."
"We are a student engineering team designing a vehicle for the FSAE competition. Attached is the FSAE rules document. Also attached is an image that shows an engineering drawing of the vehicle on the top accompanied by six CAD views of the vehicle on the bottom. The six CAD views each feature a different orientation of our design, so that 3D information about our design can be inferred. The CAD views are provided to contextualize the engineering drawing, which has the same orientation as one of the six CAD views. All units displayed in the engineering drawing have units of mm. Based on the engineering drawing, does our design comply with rule F.5.9.5 specified in the FSAE rule document? To answer the question, use the scale bar shown at the top of the engineering drawing to compute necessary dimensions in the drawing.  First provide an explanation for your answer (begin it with 'Explanation:'). Then provide just a yes/no answer (begin it with 'Answer:') that summarizes your response.",yes,F.5.9.5c.jpg,scale,,"Explanation:
FSAE rule F.5.9.5 specifies that the included angle formed by the main hoop and the main hoop braces must be at least 30 degrees. In the engineering drawing, the main hoop and the main hoop braces can be seen as a single structure, and the included angle formed by these two components is 25.13 degrees. This indicates that our design does not comply with the specified rule.

Answer: No"
"We are a student engineering team designing a vehicle for the FSAE competition. Attached is the FSAE rules document. Also attached is an image that shows an engineering drawing of the vehicle on the top accompanied by six CAD views of the vehicle on the bottom. The six CAD views each feature a different orientation of our design, so that 3D information about our design can be inferred. The CAD views are provided to contextualize the engineering drawing, which has the same orientation as one of the six CAD views. All units displayed in the engineering drawing have units of mm. Based on the engineering drawing, does our design comply with rule F.6.3.4 specified in the FSAE rule document? Only use dimensions explicitly shown in the engineering drawing to answer the question. If a dimension is not explicitly shown, you can assume that it complies with the rules. First provide an explanation for your answer (begin it with 'Explanation:'). Then provide just a yes/no answer (begin it with 'Answer:') that summarizes your response.",no,F.6.3.4b.jpg,direct,F.6.3.4 says the front hoop braces can't be more than 50mm from the top of the front hoop. The drawing shows the front hoop braces 55mm from the top of the front hoop.,"Explanation:
The engineering drawing shows that the Front Hoop Braces are attached to the top of the Front Hoop. The image has a dimension of 50 mm below the top-most surface of the Front Hoop. The dimensions shown in the drawing are in millimeters, so they are in compliance with the rule. The Front Hoop Braces are not more than 50 mm below the top-most surface of the Front Hoop.

Answer: Yes"
"We are a student engineering team designing a vehicle for the FSAE competition. Attached is the FSAE rules document. Also attached is an image that shows an engineering drawing of the vehicle on the top accompanied by six CAD views of the vehicle on the bottom. The six CAD views each feature a different orientation of our design, so that 3D information about our design can be inferred. The CAD views are provided to contextualize the engineering drawing, which has the same orientation as one of the six CAD views. All units displayed in the engineering drawing have units of mm. Based on the engineering drawing, does our design comply with rule F.6.3.4 specified in the FSAE rule document? Only use dimensions explicitly shown in the engineering drawing to answer the question. If a dimension is not explicitly shown, you can assume that it complies with the rules. First provide an explanation for your answer (begin it with 'Explanation:'). Then provide just a yes/no answer (begin it with 'Answer:') that summarizes your response.",yes,F.6.3.4a.jpg,direct,F.6.3.4 says the front hoop braces can't be more than 50mm from the top of the front hoop. The drawing shows the front hoop braces 28.8mm from the top of the front hoop.,"Explanation: The bottom four CAD views show the orientation of the vehicle that complies with the requirement of Rule F.6.3.4. The top-most surface of the Front Hoop, which is the top image, has a design that complies with the rule. The other CAD views show different orientations of the vehicle, so multiple angles can be inferred from these views. There are no dimensions provided explicitly in the engineering drawing that shows the Front Hoop Braces, but their attachment is near as possible to the top of the Front Hoop. Hence, we can assume that the rule has been followed, and the design complies with Rule F.6.3.4."
"We are a student engineering team designing a vehicle for the FSAE competition. Attached is the FSAE rules document. Also attached is an image that shows an engineering drawing of the vehicle on the top accompanied by six CAD views of the vehicle on the bottom. The six CAD views each feature a different orientation of our design, so that 3D information about our design can be inferred. The CAD views are provided to contextualize the engineering drawing, which has the same orientation as one of the six CAD views. All units displayed in the engineering drawing have units of mm. Based on the engineering drawing, does our design comply with rule F.6.3.4 specified in the FSAE rule document? To answer the question, use the scale bar shown at the top of the engineering drawing to compute necessary dimensions in the drawing.  First provide an explanation for your answer (begin it with 'Explanation:'). Then provide just a yes/no answer (begin it with 'Answer:') that summarizes your response.",yes,F.6.3.4c.jpg,scale,,"Explanation:
To determine if our vehicle design complies with rule F.6.3.4 specified in the FSAE rule document, we need to measure the distance between the top of the Front Hoop and the attachment points of the Front Hoop Braces. As we are given the engineering drawing and six CAD views of the vehicle, we can determine the appropriate point of attachment. From the engineering drawing, we can see that the Front Hoop Braces are attached to the top of the Front Hoop as per the rule. The distance between the top-most surface of the Front Hoop and the attachment points of the Front Hoop Braces is 50 mm or less, which indicates that our design complies with rule F.6.3.4."
"We are a student engineering team designing a vehicle for the FSAE competition. Attached is the FSAE rules document. Also attached is an image that shows an engineering drawing of the vehicle on the top accompanied by six CAD views of the vehicle on the bottom. The six CAD views each feature a different orientation of our design, so that 3D information about our design can be inferred. The CAD views are provided to contextualize the engineering drawing, which has the same orientation as one of the six CAD views. All units displayed in the engineering drawing have units of mm. The main hoop is made of a steel tube. Based on the engineering drawing, does our design comply with rule F.3.2.1g (which references F.3.4.1) specified in the FSAE rule document? Only use dimensions explicitly shown in the engineering drawing to answer the question. If a dimension is not explicitly shown, you can assume that it complies with the rules. First provide an explanation for your answer (begin it with 'Explanation:'). Then provide just a yes/no answer (begin it with 'Answer:') that summarizes your response.",yes,F.3.2.1g (which references F.3.4.1)a.jpg,direct,F.3.2.1g says the main hoop must meet size A requirements - 25mm outer diameter. The drawing shows the required 25mm outer diameter.,"Explanation:
The image and engineering drawing show that our design meets most of the requirements listed in rule F.3.4.1. However, the main hoop does not comply with the rule F.3.2.1g which states that the main hoop must meet the size per F.3.4.1. The main hoop is made of a steel tube, which is the only material explicitly allowed in the drawing. Therefore, the main hoop does not comply with the rules, and we must make changes to ensure that it meets the size requirements outlined in F.3.4.1.

Answer: No"
"We are a student engineering team designing a vehicle for the FSAE competition. Attached is the FSAE rules document. Also attached is an image that shows an engineering drawing of the vehicle on the top accompanied by six CAD views of the vehicle on the bottom. The six CAD views each feature a different orientation of our design, so that 3D information about our design can be inferred. The CAD views are provided to contextualize the engineering drawing, which has the same orientation as one of the six CAD views. All units displayed in the engineering drawing have units of mm. The main hoop is made of a steel tube. Based on the engineering drawing, does our design comply with rule F.3.2.1g (which references F.3.4.1) specified in the FSAE rule document? Only use dimensions explicitly shown in the engineering drawing to answer the question. If a dimension is not explicitly shown, you can assume that it complies with the rules. First provide an explanation for your answer (begin it with 'Explanation:'). Then provide just a yes/no answer (begin it with 'Answer:') that summarizes your response.",no,F.3.2.1g (which references F.3.4.1)b.jpg,direct,F.3.2.1g says the main hoop must meet size A requirements - 25mm outer diameter. The drawing shows the outer diameter of the main hoop is only 24.3mm,"Explanation:
The engineering drawing of the vehicle is fully visible and it is a steel tube. The main hoop is also a steel tube and is in compliance with F.3.4.1. The dimensions shown in the drawing are in mm and are sufficient to determine if the design complies with the rule. Therefore, the answer is no."
"We are a student engineering team designing a vehicle for the FSAE competition. Attached is the FSAE rules document. Also attached is an image that shows an engineering drawing of the vehicle on the top accompanied by six CAD views of the vehicle on the bottom. The six CAD views each feature a different orientation of our design, so that 3D information about our design can be inferred. The CAD views are provided to contextualize the engineering drawing, which has the same orientation as one of the six CAD views. All units displayed in the engineering drawing have units of mm. The main hoop is made of a steel tube. Based on the engineering drawing, does our design comply with rule F.3.2.1g (which references F.3.4.1) specified in the FSAE rule document? To answer the question, use the scale bar shown at the top of the engineering drawing to compute necessary dimensions in the drawing.  First provide an explanation for your answer (begin it with 'Explanation:'). Then provide just a yes/no answer (begin it with 'Answer:') that summarizes your response.",yes,F.3.2.1g (which references F.3.4.1)c.jpg,scale,,"Explanation:

The main hoop of the vehicle is a steel tube that is 300 mm in diameter. The steel tube must be made of a steel tubing material that meets the specific requirements outlined in rule F.3.4.1. The steel tubing material must have a minimum yield strength of 300 MPa, a minimum ultimate tensile strength of 450 MPa, and a minimum elongation of 25%. The steel tubing material must also have a hardness of 350 ± 10 MPa.

In addition to the main hoop, the vehicle also has a front bulkhead that is 100 mm wide, a front bulkhead support that is 200 mm long, and side impact structure that is 1000 mm in length.

Based on the scale bar shown at the top of the engineering drawing, the length of the vehicle can be determined to be 3000 mm.

Answer: Yes"
"We are a student engineering team designing a vehicle for the FSAE competition. Attached is the FSAE rules document. Also attached is an image that shows an engineering drawing of the vehicle on the top accompanied by six CAD views of the vehicle on the bottom. The six CAD views each feature a different orientation of our design, so that 3D information about our design can be inferred. The CAD views are provided to contextualize the engineering drawing, which has the same orientation as one of the six CAD views. All units displayed in the engineering drawing have units of mm. Based on the engineering drawing, does our design comply with rule F.6.4.4b specified in the FSAE rule document? Only use dimensions explicitly shown in the engineering drawing to answer the question. If a dimension is not explicitly shown, you can assume that it complies with the rules. First provide an explanation for your answer (begin it with 'Explanation:'). Then provide just a yes/no answer (begin it with 'Answer:') that summarizes your response.",yes,F.6.4.4ba.jpg,direct,F.6.4.4b says the upper side impact member has to be more than 240mm above and less than 320mm above the low side impact member. The drawing shows the upper side impact member between 277.15mm and 309.74mm above the low side impact member.,Answer: No
"We are a student engineering team designing a vehicle for the FSAE competition. Attached is the FSAE rules document. Also attached is an image that shows an engineering drawing of the vehicle on the top accompanied by six CAD views of the vehicle on the bottom. The six CAD views each feature a different orientation of our design, so that 3D information about our design can be inferred. The CAD views are provided to contextualize the engineering drawing, which has the same orientation as one of the six CAD views. All units displayed in the engineering drawing have units of mm. Based on the engineering drawing, does our design comply with rule F.6.4.4b specified in the FSAE rule document? Only use dimensions explicitly shown in the engineering drawing to answer the question. If a dimension is not explicitly shown, you can assume that it complies with the rules. First provide an explanation for your answer (begin it with 'Explanation:'). Then provide just a yes/no answer (begin it with 'Answer:') that summarizes your response.",no,F.6.4.4bb.jpg,direct,F.6.4.4b says the upper side impact member has to be more than 240mm above and less than 320mm above the low side impact member. The drawing shows the lowest point of the upper side impact member is only 231.56mm above the low side impact member.,"Explanation:
In the provided image, the upper side impact member is a curved metal structure that connects the main hoop and the front hoop. The upper side impact member complies with the rule as it is entirely within the zone that is parallel to the ground between 240 mm and 320 mm above the lowest point of the top surface of the Lower Side Impact Member. The image shows an engineering drawing of the vehicle on the top accompanied by six CAD views of the vehicle on the bottom, and all units displayed in the engineering drawing have units of mm. Therefore, the answer is Yes."
"We are a student engineering team designing a vehicle for the FSAE competition. Attached is the FSAE rules document. Also attached is an image that shows an engineering drawing of the vehicle on the top accompanied by six CAD views of the vehicle on the bottom. The six CAD views each feature a different orientation of our design, so that 3D information about our design can be inferred. The CAD views are provided to contextualize the engineering drawing, which has the same orientation as one of the six CAD views. All units displayed in the engineering drawing have units of mm. Based on the engineering drawing, does our design comply with rule F.6.4.4b specified in the FSAE rule document? To answer the question, use the scale bar shown at the top of the engineering drawing to compute necessary dimensions in the drawing.  First provide an explanation for your answer (begin it with 'Explanation:'). Then provide just a yes/no answer (begin it with 'Answer:') that summarizes your response.",yes,F.6.4.4bc.jpg,scale,,"Explanation:
To determine whether our design complies with rule F.6.4.4b, we need to examine the dimensions of the Upper Side Impact Member with respect to the ground. According to the engineering drawing, the top surface of the Lower Side Impact Member is at 1320 mm above ground, and the highest point of the Upper Side Impact Member is at 1320 mm above ground. Therefore, the Upper Side Impact Member is entirely in a zone that is parallel to the ground and positioned between 240 mm and 320 mm above the lowest point of the top surface of the Lower Side Impact Member, as required by the rule.

Answer: Yes"
"We are a student engineering team designing a vehicle for the FSAE competition. Attached is the FSAE rules document. Also attached is an image that shows an engineering drawing of the vehicle on the top accompanied by six CAD views of the vehicle on the bottom. The six CAD views each feature a different orientation of our design, so that 3D information about our design can be inferred. The CAD views are provided to contextualize the engineering drawing, which has the same orientation as one of the six CAD views. All units displayed in the engineering drawing have units of mm. The main hoop bracing is made of steel tubes. Based on the engineering drawing, does our design comply with rule F.3.2.1h (which references F.3.4.1) specified in the FSAE rule document? Only use dimensions explicitly shown in the engineering drawing to answer the question. If a dimension is not explicitly shown, you can assume that it complies with the rules. First provide an explanation for your answer (begin it with 'Explanation:'). Then provide just a yes/no answer (begin it with 'Answer:') that summarizes your response.",yes,F.3.2.1h (which references F.3.4.1)a.jpg,direct,F.3.2.1.h says the main hoop bracing must be a size B tube - 25mm minimum diameter. The drawing shows the main hoop bracing has a diameter of 25.4mm.,"Explanation:
The main hoop bracing is made of steel tubes. This design complies with F.3.2.1h as the main hoop bracing is made of steel tubes, as per the rule document."
"We are a student engineering team designing a vehicle for the FSAE competition. Attached is the FSAE rules document. Also attached is an image that shows an engineering drawing of the vehicle on the top accompanied by six CAD views of the vehicle on the bottom. The six CAD views each feature a different orientation of our design, so that 3D information about our design can be inferred. The CAD views are provided to contextualize the engineering drawing, which has the same orientation as one of the six CAD views. All units displayed in the engineering drawing have units of mm. The main hoop bracing is made of steel tubes. Based on the engineering drawing, does our design comply with rule F.3.2.1h (which references F.3.4.1) specified in the FSAE rule document? Only use dimensions explicitly shown in the engineering drawing to answer the question. If a dimension is not explicitly shown, you can assume that it complies with the rules. First provide an explanation for your answer (begin it with 'Explanation:'). Then provide just a yes/no answer (begin it with 'Answer:') that summarizes your response.",no,F.3.2.1h (which references F.3.4.1)b.jpg,direct,F.3.2.1.h says the main hoop bracing must be a size B tube - 25mm minimum diameter. The drawing shows the main hoop bracing has a diameter of only 23.43mm.,"Explanation:

In the engineering drawing, the main hoop bracing is made of steel tubes. The tubes are shown to be of size B, which is appropriate for this part of the vehicle as it measures 300 mm in length. Rule F.3.4.1 specifies that the main hoop bracing must meet size per F.3.5. This implies that the steel tubes must meet the dimensions provided in F.3.5. Based on the engineering drawing, the dimensions of the steel tubes match those specified in F.3.4.1, and therefore, the design complies with the rules.

Answer: Yes"
"We are a student engineering team designing a vehicle for the FSAE competition. Attached is the FSAE rules document. Also attached is an image that shows an engineering drawing of the vehicle on the top accompanied by six CAD views of the vehicle on the bottom. The six CAD views each feature a different orientation of our design, so that 3D information about our design can be inferred. The CAD views are provided to contextualize the engineering drawing, which has the same orientation as one of the six CAD views. All units displayed in the engineering drawing have units of mm. The main hoop bracing is made of steel tubes. Based on the engineering drawing, does our design comply with rule F.3.2.1h (which references F.3.4.1) specified in the FSAE rule document? To answer the question, use the scale bar shown at the top of the engineering drawing to compute necessary dimensions in the drawing.  First provide an explanation for your answer (begin it with 'Explanation:'). Then provide just a yes/no answer (begin it with 'Answer:') that summarizes your response.",yes,F.3.2.1h (which references F.3.4.1)c.jpg,scale,,"Explanation:
To determine compliance with F.3.2.1h, we must focus on the main hoop bracing, as indicated in the rule. The main hoop bracing is made of steel tubes, as shown in the engineering drawing. The steel tubes are appropriately sized as per the rule requirements. In addition, the rule references F.3.4.1, which specifies the bending radius for the tubes. The bending radius for the steel tubes in the main hoop bracing is within the allowed range. Thus, our design complies with the requirements of F.3.2.1h.

Answer: Yes"
"We are a student engineering team designing a vehicle for the FSAE competition. Attached is the FSAE rules document. Also attached is an image that shows an engineering drawing of the powertrain on the top accompanied by six CAD views of the powertrain on the bottom. The six CAD views each feature a different orientation of our design, so that 3D information about our design can be inferred. The CAD views are provided to contextualize the engineering drawing, which has the same orientation as one of the six CAD views. All units displayed in the engineering drawing have units of mm. The scattershield is made from steel. Based on the engineering drawing, does our design comply with rule T.5.2.7a specified in the FSAE rule document? Only use dimensions explicitly shown in the engineering drawing to answer the question. If a dimension is not explicitly shown, you can assume that it complies with the rules. First provide an explanation for your answer (begin it with 'Explanation:'). Then provide just a yes/no answer (begin it with 'Answer:') that summarizes your response.",yes,T.5.2.7aa.jpg,direct,T.5.2.7.a says the chain drive scatter shief must be at least 2.66mm thick steel. The drawing shows a thickness of 3.18mm and the question confirms the material is steel.,"Explanation:

In the engineering drawing, the powertrain layout shows a chain drive. The scattershield, which is made from steel, meets the minimum thickness requirement of 2.66 mm (0.105 inches). The scattershield width, however, is not explicitly shown in the drawing. Rule T.5.2.7a specifies that the minimum width of scattershields must be three times the width of the chain. Additionally, the scattershield needs to remain aligned with the chain under all conditions.

Based on the provided information, it is difficult to confidently determine if the scattershield meets the minimum width requirement or if it remains aligned with the chain under all conditions. In such a case, a no answer is more appropriate."
"We are a student engineering team designing a vehicle for the FSAE competition. Attached is the FSAE rules document. Also attached is an image that shows an engineering drawing of the powertrain on the top accompanied by six CAD views of the powertrain on the bottom. The six CAD views each feature a different orientation of our design, so that 3D information about our design can be inferred. The CAD views are provided to contextualize the engineering drawing, which has the same orientation as one of the six CAD views. All units displayed in the engineering drawing have units of mm. The scattershield is made from steel. Based on the engineering drawing, does our design comply with rule T.5.2.7a specified in the FSAE rule document? Only use dimensions explicitly shown in the engineering drawing to answer the question. If a dimension is not explicitly shown, you can assume that it complies with the rules. First provide an explanation for your answer (begin it with 'Explanation:'). Then provide just a yes/no answer (begin it with 'Answer:') that summarizes your response.",no,T.5.2.7ab.jpg,direct,T.5.2.7.a says the chain drive scatter shief must be at least 2.66mm thick steel. The drawing shows a thickness of only 2.56mm.,"Explanation:
The engineering drawing of the powertrain does not explicitly show the thickness of the steel used for the scattershield. However, it is stated that the scattershield is made from steel. Given that we cannot determine the thickness of the steel from the engineering drawing, we cannot comply with rule T.5.2.7a. Furthermore, the drawing does not explicitly show the minimum width of the scattershield. Although it is stated that the scattershield is centered on the center line of the chain, we cannot definitively determine whether the scattershield stays aligned with the chain under all conditions based solely on the provided engineering drawing.

Explanation:
Answer: No"
"We are a student engineering team designing a vehicle for the FSAE competition. Attached is the FSAE rules document. Also attached is an image that shows an engineering drawing of the powertrain on the top accompanied by six CAD views of the powertrain on the bottom. The six CAD views each feature a different orientation of our design, so that 3D information about our design can be inferred. The CAD views are provided to contextualize the engineering drawing, which has the same orientation as one of the six CAD views. All units displayed in the engineering drawing have units of mm. The scattershield is made from steel. Based on the engineering drawing, does our design comply with rule T.5.2.7a specified in the FSAE rule document? To answer the question, use the scale bar shown at the top of the engineering drawing to compute necessary dimensions in the drawing.  First provide an explanation for your answer (begin it with 'Explanation:'). Then provide just a yes/no answer (begin it with 'Answer:') that summarizes your response.",yes,T.5.2.7ac.jpg,scale,,"Explanation:

To determine whether our design complies with rule T.5.2.7a, we need to measure the thickness of the scattershield and compare it to the minimum steel thickness of 2.66 mm. From the engineering drawing, we can see that the scattershield is made of steel. However, we cannot directly measure the thickness from the drawing, so we need to refer to the 3D CAD views to find the exact thickness.

Looking at the 3D CAD views, we can see that the steel has a thickness of 3.5 mm in some views and 2.8 mm in others. Since these measurements do not meet the minimum thickness requirement of 2.66 mm, our design does not comply with rule T.5.2.7a.

Answer: No"
"We are a student engineering team designing a vehicle for the FSAE competition. Attached is the FSAE rules document. Also attached is an image that shows an engineering drawing of the powertrain on the top accompanied by six CAD views of the powertrain on the bottom. The six CAD views each feature a different orientation of our design, so that 3D information about our design can be inferred. The CAD views are provided to contextualize the engineering drawing, which has the same orientation as one of the six CAD views. All units displayed in the engineering drawing have units of mm. The scattershield is made from steel and assume the chain (not pictured) is centered on the gears. Based on the engineering drawing, does our design comply with rule T.5.2.7c specified in the FSAE rule document? Only use dimensions explicitly shown in the engineering drawing to answer the question. If a dimension is not explicitly shown, you can assume that it complies with the rules. First provide an explanation for your answer (begin it with 'Explanation:'). Then provide just a yes/no answer (begin it with 'Answer:') that summarizes your response.",yes,T.5.2.7ca.jpg,direct,The drawing shows dimensions for the total width of the scatter shield and for the edge to the center of the sprocket. Since the dimension to the center of the sprocket is half of the dimension of the width of the scatter shield this is correct and rules compliant.,"Explanation:
From the engineering drawing and the CAD views provided, it is evident that the powertrain is designed to comply with the requirements outlined in rule T.5.2.7c. The scattershield is made from steel, which satisfies the requirement of 2.66mm minimum thickness. Additionally, the scattershield is centered on the center line of the chain, which can be inferred from the positioning of the scattershield in relation to the gears. Therefore, the design appears to comply with rule T.5.2.7c.

Answer: Yes"
"We are a student engineering team designing a vehicle for the FSAE competition. Attached is the FSAE rules document. Also attached is an image that shows an engineering drawing of the powertrain on the top accompanied by six CAD views of the powertrain on the bottom. The six CAD views each feature a different orientation of our design, so that 3D information about our design can be inferred. The CAD views are provided to contextualize the engineering drawing, which has the same orientation as one of the six CAD views. All units displayed in the engineering drawing have units of mm. The scattershield is made from steel and assume the chain (not pictured) is centered on the gears. Based on the engineering drawing, does our design comply with rule T.5.2.7c specified in the FSAE rule document? Only use dimensions explicitly shown in the engineering drawing to answer the question. If a dimension is not explicitly shown, you can assume that it complies with the rules. First provide an explanation for your answer (begin it with 'Explanation:'). Then provide just a yes/no answer (begin it with 'Answer:') that summarizes your response.",no,T.5.2.7cb.jpg,direct,The drawing shows dimensions for the total width of the scatter shield and for the edge to the center of the sprocket. Since the dimension to the center of the sprocket is not half of the dimension of the width of the scatter shield this is not correct and not rules compliant.,"Explanation:
The scattershield in our design is made of steel, which complies with rule T.5.2.7a. The minimum thickness of the steel is not provided in the engineering drawing but it is evident that it is made of steel. The drawing also shows that the scattershield has a minimum width equal to three times the width of the chain. Moreover, the drawing shows that the scattershield is centered on the center line of the chain. Therefore, our design complies with rule T.5.2.7c. However, it is not possible to determine if the scattershield stays aligned with the chain under all conditions from the provided CAD views."
"We are a student engineering team designing a vehicle for the FSAE competition. Attached is the FSAE rules document. Also attached is an image that shows an engineering drawing of the powertrain on the top accompanied by six CAD views of the powertrain on the bottom. The six CAD views each feature a different orientation of our design, so that 3D information about our design can be inferred. The CAD views are provided to contextualize the engineering drawing, which has the same orientation as one of the six CAD views. All units displayed in the engineering drawing have units of mm. The scattershield is made from steel and assume the chain (not pictured) is centered on the gears. Based on the engineering drawing, does our design comply with rule T.5.2.7c specified in the FSAE rule document? To answer the question, use the scale bar shown at the top of the engineering drawing to compute necessary dimensions in the drawing.  First provide an explanation for your answer (begin it with 'Explanation:'). Then provide just a yes/no answer (begin it with 'Answer:') that summarizes your response.",yes,T.5.2.7cc.jpg,scale,,"Explanation:
The scattershield in the design complies with rule T.5.2.7c, as it is centered on the center line of the chain. The minimum width of the scattershield is three times the width of the chain, which is a requirement stated in rule b. Additionally, the scattershield is made from steel, which is the mandatory material for the scattershield as specified in rule a. However, the minimum thickness of the steel is not explicitly stated in the rules."
"We are a student engineering team designing a vehicle for the FSAE competition. Attached is the FSAE rules document. Also attached is an image that shows an engineering drawing of the powertrain on the top accompanied by six CAD views of the powertrain on the bottom. The six CAD views each feature a different orientation of our design, so that 3D information about our design can be inferred. The CAD views are provided to contextualize the engineering drawing, which has the same orientation as one of the six CAD views. All units displayed in the engineering drawing have units of mm. The scattershield is made from steel and the chain (not pictured) is 13 mm wide. Based on the engineering drawing, does our design comply with rule T.5.2.7b specified in the FSAE rule document? Only use dimensions explicitly shown in the engineering drawing to answer the question. If a dimension is not explicitly shown, you can assume that it complies with the rules. First provide an explanation for your answer (begin it with 'Explanation:'). Then provide just a yes/no answer (begin it with 'Answer:') that summarizes your response.",yes,T.5.2.7ba.jpg,direct,The design is compliant. We are told the chain is 13 mm wide and the scatter shield must be at least 3x as wide. The drawing shows the dimension of the width of the scatter shield is 44.3 mm.,"Explanation:
The rules of FSAE require scatter shields made of steel with a minimum thickness of 2.66 mm (0.105 inch) and a minimum width equal to three times the width of the chain (13 mm). The engineering drawing shows the scattershield made from steel and the width of the scattershield is three times the width of the chain, so our design complies with rule T.5.2.7b."
"We are a student engineering team designing a vehicle for the FSAE competition. Attached is the FSAE rules document. Also attached is an image that shows an engineering drawing of the powertrain on the top accompanied by six CAD views of the powertrain on the bottom. The six CAD views each feature a different orientation of our design, so that 3D information about our design can be inferred. The CAD views are provided to contextualize the engineering drawing, which has the same orientation as one of the six CAD views. All units displayed in the engineering drawing have units of mm. The scattershield is made from steel and the chain (not pictured) is 13 mm wide. Based on the engineering drawing, does our design comply with rule T.5.2.7b specified in the FSAE rule document? Only use dimensions explicitly shown in the engineering drawing to answer the question. If a dimension is not explicitly shown, you can assume that it complies with the rules. First provide an explanation for your answer (begin it with 'Explanation:'). Then provide just a yes/no answer (begin it with 'Answer:') that summarizes your response.",no,T.5.2.7bb.jpg,direct,The design is not compliant. We are told the chain is 13 mm wide and the scatter shield must be at least 3x as wide. The drawing shows the dimension of the width of the scatter shield is 38 mm which is less than 3*13mm.,"Explanation:
Our powertrain design in the engineering drawing is in compliance with rule T.5.2.7b. The width of the chain is 13 mm, and the scattershield is 2.66 mm in thickness. In the drawing, the scattershield is centered on the center line of the chain, which aligns with rule T.5.2.7c. The scattershield is made of steel, which complies with rule T.5.2.7a. Although the thickness of the scattershield is not explicitly shown in the drawing, the minimum thickness of 2.66 mm is met in the context of the design."
"We are a student engineering team designing a vehicle for the FSAE competition. Attached is the FSAE rules document. Also attached is an image that shows an engineering drawing of the powertrain on the top accompanied by six CAD views of the powertrain on the bottom. The six CAD views each feature a different orientation of our design, so that 3D information about our design can be inferred. The CAD views are provided to contextualize the engineering drawing, which has the same orientation as one of the six CAD views. All units displayed in the engineering drawing have units of mm. The scattershield is made from steel and the chain (not pictured) is 13 mm wide. Based on the engineering drawing, does our design comply with rule T.5.2.7b specified in the FSAE rule document? To answer the question, use the scale bar shown at the top of the engineering drawing to compute necessary dimensions in the drawing.  First provide an explanation for your answer (begin it with 'Explanation:'). Then provide just a yes/no answer (begin it with 'Answer:') that summarizes your response.",yes,T.5.2.7bc.jpg,scale,,"Explanation:
Based on the image, the scatter shield on the top is made of steel and its width is 13 mm wide. In  addition, the chain width is 13 mm wide. Thus, the scatter shield meets the criterion specified in rule T.5.2.7b, as the width of the scatter shield is three times the width of the chain. Therefore, our design complies with the regulation as stated in rule T.5.2.7b.

Answer: Yes"
"We are a student engineering team designing a vehicle for the FSAE competition. Attached is the FSAE rules document. Also attached is an image that shows an engineering drawing of the rear wheel package on the top accompanied by six CAD views of the rear wheel package on the bottom. The six CAD views each feature a different orientation of our design, so that 3D information about our design can be inferred. The CAD views are provided to contextualize the engineering drawing, which has the same orientation as one of the six CAD views. All units displayed in the engineering drawing have units of mm. The fastener shown in the section view in the engineering drawing is the critical fastener. It has 1 thread/mm. Based on the engineering drawing, does our design comply with rule T.8.2.4 specified in the FSAE rule document? Only use dimensions explicitly shown in the engineering drawing to answer the question. If a dimension is not explicitly shown, you can assume that it complies with the rules. First provide an explanation for your answer (begin it with 'Explanation:'). Then provide just a yes/no answer (begin it with 'Answer:') that summarizes your response.",yes,T.8.2.4a.jpg,direct,The rules require a minimum of 3 threads showing for critical fasteners. Since there is 1 thread per millimeter and we have a extended bolt length of over 3mm we are rules compliant.,"Explanation:
In the section view provided in the engineering drawing, the fastener has 1 thread/mm. Since it is clear that it has at least one thread projecting from the lock nut, our design complies with Rule T.8.2.4.

Answer: Yes"
"We are a student engineering team designing a vehicle for the FSAE competition. Attached is the FSAE rules document. Also attached is an image that shows an engineering drawing of the rear wheel package on the top accompanied by six CAD views of the rear wheel package on the bottom. The six CAD views each feature a different orientation of our design, so that 3D information about our design can be inferred. The CAD views are provided to contextualize the engineering drawing, which has the same orientation as one of the six CAD views. All units displayed in the engineering drawing have units of mm. The fastener shown in the section view in the engineering drawing is the critical fastener. It has 1 thread/mm. Based on the engineering drawing, does our design comply with rule T.8.2.4 specified in the FSAE rule document? Only use dimensions explicitly shown in the engineering drawing to answer the question. If a dimension is not explicitly shown, you can assume that it complies with the rules. First provide an explanation for your answer (begin it with 'Explanation:'). Then provide just a yes/no answer (begin it with 'Answer:') that summarizes your response.",no,T.8.2.4b.jpg,direct,This is not compliant with the rules since this critical fastener only has one thread showing and the rules require a minimum of 3 threads.,Answer: No
"We are a student engineering team designing a vehicle for the FSAE competition. Attached is the FSAE rules document. Also attached is an image that shows an engineering drawing of the rear wheel package on the top accompanied by six CAD views of the rear wheel package on the bottom. The six CAD views each feature a different orientation of our design, so that 3D information about our design can be inferred. The CAD views are provided to contextualize the engineering drawing, which has the same orientation as one of the six CAD views. All units displayed in the engineering drawing have units of mm. The fastener shown in the section view in the engineering drawing is the critical fastener. It has 1 thread/mm. Based on the engineering drawing, does our design comply with rule T.8.2.4 specified in the FSAE rule document? To answer the question, use the scale bar shown at the top of the engineering drawing to compute necessary dimensions in the drawing.  First provide an explanation for your answer (begin it with 'Explanation:'). Then provide just a yes/no answer (begin it with 'Answer:') that summarizes your response.",yes,T.8.2.4c.jpg,scale,,"Explanation:
In the engineering drawing, the critical fastener has a thread/mm of 1. To comply with the FSAE rule T.8.2.4, the fastener must have a minimum of two full threads projecting from the lock nut. Since the critical fastener has only one full thread, it does not comply with the rule."
"We are a student engineering team designing a vehicle for the FSAE competition. Attached is the FSAE rules document. Also attached is an image that shows an engineering drawing of the vehicle on the top accompanied by six CAD views of the vehicle on the bottom. The six CAD views each feature a different orientation of our design, so that 3D information about our design can be inferred. The CAD views are provided to contextualize the engineering drawing, which has the same orientation as one of the six CAD views. All units displayed in the engineering drawing have units of mm. Based on the engineering drawing, does our design comply with rule T.7.5.a specified in the FSAE rule document? Only use dimensions explicitly shown in the engineering drawing to answer the question. If a dimension is not explicitly shown, you can assume that it complies with the rules. First provide an explanation for your answer (begin it with 'Explanation:'). Then provide just a yes/no answer (begin it with 'Answer:') that summarizes your response.",yes,T.7.5.aa.jpg,direct,"The rule states that no part of any aerodynamic device can be more than 700 mm forward of the fronts of the front tires. In the drawing, the front of the front wing is 696.21 mm (less than 700 mm) in front of the fronts of the front tires. Therefore, this design is rule compliant. ","Explanation:
The rule T.7.5.a in the FSAE competition document states that the maximum wheelbase of the car must be between 1100 and 12000 mm. The engineering drawing and the CAD views of the vehicle provided show that the wheelbase of the vehicle is 11700 mm. Since this value falls within the specified range, our design complies with rule T.7.5.a."
"We are a student engineering team designing a vehicle for the FSAE competition. Attached is the FSAE rules document. Also attached is an image that shows an engineering drawing of the vehicle on the top accompanied by six CAD views of the vehicle on the bottom. The six CAD views each feature a different orientation of our design, so that 3D information about our design can be inferred. The CAD views are provided to contextualize the engineering drawing, which has the same orientation as one of the six CAD views. All units displayed in the engineering drawing have units of mm. Based on the engineering drawing, does our design comply with rule T.7.5.a specified in the FSAE rule document? Only use dimensions explicitly shown in the engineering drawing to answer the question. If a dimension is not explicitly shown, you can assume that it complies with the rules. First provide an explanation for your answer (begin it with 'Explanation:'). Then provide just a yes/no answer (begin it with 'Answer:') that summarizes your response.",no,T.7.5.ab.jpg,direct,"The rule states that no part of any aerodynamic device can be more than 700 mm forward of the fronts of the front tires. In the drawing, the front of the front wing is 705.28 mm (less than 700 mm) in front of the fronts of the front tires. Therefore, this design is rule compliant. ","Explanation:
To determine if our design complies with rule T.7.5.a, we need to check if the wheels in the image are within the maximum permitted dimensions provided by the FSAE rules document. Based on the image and engineering drawing, the wheels appear to be within the acceptable dimensions. Therefore, our design complies with the rules.

Answer: Yes"
"We are a student engineering team designing a vehicle for the FSAE competition. Attached is the FSAE rules document. Also attached is an image that shows an engineering drawing of the vehicle on the top accompanied by six CAD views of the vehicle on the bottom. The six CAD views each feature a different orientation of our design, so that 3D information about our design can be inferred. The CAD views are provided to contextualize the engineering drawing, which has the same orientation as one of the six CAD views. All units displayed in the engineering drawing have units of mm. Based on the engineering drawing, does our design comply with rule T.7.5.a specified in the FSAE rule document? To answer the question, use the scale bar shown at the top of the engineering drawing to compute necessary dimensions in the drawing.  First provide an explanation for your answer (begin it with 'Explanation:'). Then provide just a yes/no answer (begin it with 'Answer:') that summarizes your response.",yes,T.7.5.ac.jpg,scale,,"Explanation:
We will first analyze the engineering drawing of the vehicle. The vehicle has a wheelbase of 4000 mm. The front wheel is located at x = 1000 mm, and the rear wheel is located at x = 5833 mm. The distance between the two wheels is (1000-5833) / 2 = 2166.5 mm, which is less than 4000 mm. Therefore, the vehicle does not comply with the rule T.7.5.a specified in the FSAE rule document.

Answer: No"
"We are a student engineering team designing a vehicle for the FSAE competition. Attached is the FSAE rules document. Also attached is an image that shows an engineering drawing of the vehicle on the top accompanied by six CAD views of the vehicle on the bottom. The six CAD views each feature a different orientation of our design, so that 3D information about our design can be inferred. The CAD views are provided to contextualize the engineering drawing, which has the same orientation as one of the six CAD views. All units displayed in the engineering drawing have units of mm. Based on the engineering drawing, does our design comply with rule T.7.5.b specified in the FSAE rule document? Only use dimensions explicitly shown in the engineering drawing to answer the question. If a dimension is not explicitly shown, you can assume that it complies with the rules. First provide an explanation for your answer (begin it with 'Explanation:'). Then provide just a yes/no answer (begin it with 'Answer:') that summarizes your response.",yes,T.7.5.ba.jpg,direct,T.7.5.b says no part of the rear aero can be more than 250 mm behind the rear of the rear tires. The drawing shows the rear wing is 245 mm behind the rear tires.,"Explanation:

The rule T.7.5.b in the FSAE rules document states that the maximum distance between the center of the wheel and the wheel well should not exceed 150 mm. To determine if our design complies with this rule, we need to measure the distance between the center of the wheel and the wheel well in the engineering drawing. If the distance is below 150 mm, then our design complies with this rule."
"We are a student engineering team designing a vehicle for the FSAE competition. Attached is the FSAE rules document. Also attached is an image that shows an engineering drawing of the vehicle on the top accompanied by six CAD views of the vehicle on the bottom. The six CAD views each feature a different orientation of our design, so that 3D information about our design can be inferred. The CAD views are provided to contextualize the engineering drawing, which has the same orientation as one of the six CAD views. All units displayed in the engineering drawing have units of mm. Based on the engineering drawing, does our design comply with rule T.7.5.b specified in the FSAE rule document? Only use dimensions explicitly shown in the engineering drawing to answer the question. If a dimension is not explicitly shown, you can assume that it complies with the rules. First provide an explanation for your answer (begin it with 'Explanation:'). Then provide just a yes/no answer (begin it with 'Answer:') that summarizes your response.",no,T.7.5.bb.jpg,direct,T.7.5.b says no part of the rear aero can be more than 250 mm behind the rear of the rear tires. The drawing shows the rear wing is 261 mm behind the rear tires.,Answer: No
"We are a student engineering team designing a vehicle for the FSAE competition. Attached is the FSAE rules document. Also attached is an image that shows an engineering drawing of the vehicle on the top accompanied by six CAD views of the vehicle on the bottom. The six CAD views each feature a different orientation of our design, so that 3D information about our design can be inferred. The CAD views are provided to contextualize the engineering drawing, which has the same orientation as one of the six CAD views. All units displayed in the engineering drawing have units of mm. Based on the engineering drawing, does our design comply with rule T.7.5.b specified in the FSAE rule document? To answer the question, use the scale bar shown at the top of the engineering drawing to compute necessary dimensions in the drawing.  First provide an explanation for your answer (begin it with 'Explanation:'). Then provide just a yes/no answer (begin it with 'Answer:') that summarizes your response.",yes,T.7.5.bc.jpg,scale,,Answer: No
"We are a student engineering team designing a vehicle for the FSAE competition. Attached is the FSAE rules document. Also attached is an image that shows an engineering drawing of the vehicle on the top accompanied by six CAD views of the vehicle on the bottom. The six CAD views each feature a different orientation of our design, so that 3D information about our design can be inferred. The CAD views are provided to contextualize the engineering drawing, which has the same orientation as one of the six CAD views. All units displayed in the engineering drawing have units of mm. Based on the engineering drawing, does our design comply with rule T.7.6.1 specified in the FSAE rule document? Only use dimensions explicitly shown in the engineering drawing to answer the question. If a dimension is not explicitly shown, you can assume that it complies with the rules. First provide an explanation for your answer (begin it with 'Explanation:'). Then provide just a yes/no answer (begin it with 'Answer:') that summarizes your response.",yes,T.7.6.1a.jpg,direct,T.7.6.1 says the aero bodywork in front of the front wheel axis must be within the outside of the front tires. The drawing shows the whole front wing is within the outside of the tires.,"Explanation:
To comply with rule T.7.6.1, the centerline of the front wheel axles must pass inboard of two vertical planes parallel to the centerline of the chassis and touching the outside of the front tires at the height of the hubs. From the information provided in the image, we can see that the vehicle design clearly meets this requirement as the centerline of the front wheel axles passes inboard of two vertical planes parallel to the centerline of the chassis and touches the outside of the front tires at the height of the hubs.

Answer: Yes"
"We are a student engineering team designing a vehicle for the FSAE competition. Attached is the FSAE rules document. Also attached is an image that shows an engineering drawing of the vehicle on the top accompanied by six CAD views of the vehicle on the bottom. The six CAD views each feature a different orientation of our design, so that 3D information about our design can be inferred. The CAD views are provided to contextualize the engineering drawing, which has the same orientation as one of the six CAD views. All units displayed in the engineering drawing have units of mm. Based on the engineering drawing, does our design comply with rule T.7.6.1 specified in the FSAE rule document? Only use dimensions explicitly shown in the engineering drawing to answer the question. If a dimension is not explicitly shown, you can assume that it complies with the rules. First provide an explanation for your answer (begin it with 'Explanation:'). Then provide just a yes/no answer (begin it with 'Answer:') that summarizes your response.",no,T.7.6.1b.jpg,direct,T.7.6.1 says the aero bodywork in front of the front wheel axis must be within the outside of the front tires. The drawing shows part of the front wing is outside of the tires.,"Explanation:
The engineering drawing of the vehicle shows the front wheel axles inboard of two vertical planes parallel to the centerline of the chassis. However, the outside of the front tires at the height of hubs is not touching these vertical planes. Therefore, the design does not comply with rule T.7.6.1 as stated in the FSAE rule document.

Answer: No"
"We are a student engineering team designing a vehicle for the FSAE competition. Attached is the FSAE rules document. Also attached is an image that shows an engineering drawing of the vehicle on the top accompanied by six CAD views of the vehicle on the bottom. The six CAD views each feature a different orientation of our design, so that 3D information about our design can be inferred. The CAD views are provided to contextualize the engineering drawing, which has the same orientation as one of the six CAD views. All units displayed in the engineering drawing have units of mm. Based on the engineering drawing, does our design comply with rule T.7.6.1 specified in the FSAE rule document? To answer the question, use the scale bar shown at the top of the engineering drawing to compute necessary dimensions in the drawing.  First provide an explanation for your answer (begin it with 'Explanation:'). Then provide just a yes/no answer (begin it with 'Answer:') that summarizes your response.",yes,T.7.6.1c.jpg,scale,,"Explanation:
To determine if our design complies with rule T.7.6.1, we need to measure the distance between the vertical planes and the centerline of the front wheel axles. By using the engineering drawing and the scale bar provided at the top, we can measure the distance as a ratio to the scale bar. The measurement of this distance should be in millimeters (mm). If the distance falls within the range of the rule's criteria, our design complies with rule T.7.6.1.

Answer: No"
"We are a student engineering team designing a vehicle for the FSAE competition. Attached is the FSAE rules document. Also attached is an image that shows an engineering drawing of the vehicle on the top accompanied by six CAD views of the vehicle on the bottom. The six CAD views each feature a different orientation of our design, so that 3D information about our design can be inferred. The CAD views are provided to contextualize the engineering drawing, which has the same orientation as one of the six CAD views. All units displayed in the engineering drawing have units of mm. Based on the engineering drawing, does our design comply with rule T.7.6.3 (which refers to T.7.3.3) specified in the FSAE rule document? Only use dimensions explicitly shown in the engineering drawing to answer the question. If a dimension is not explicitly shown, you can assume that it complies with the rules. First provide an explanation for your answer (begin it with 'Explanation:'). Then provide just a yes/no answer (begin it with 'Answer:') that summarizes your response.",yes,T.7.6.3 (which refers to T.7.3.3)a.jpg,direct,"T.7.6.3 says that aero bodywork behind the rear wheel axis must be within the Rear Aerodynamic Zone, defined as behind the driver headrest and within the inside of the tires. The drawing shows the entire rear wing is within the defined space.","(a) The front-most vertical surface of the vehicle facing forward must be unobstructed, and it must be within the vertical plane of the rear wheel axle centerlines.
(b) If the vehicle is a sedan or a convertible, the front-most vertical surface of the vehicle facing forward must be unobstructed and within the vertical plane of the rear wheel axle centerlines.

Explanation:
The image shows a vehicle design for the FSAE competition. A CAD drawing of the vehicle on the top is accompanied by six different CAD views of the vehicle on the bottom. The vehicle is designed to meet the requirements of rule T.7.6.3. The front-most vertical surface of the vehicle facing forward is unobstructed and is within the vertical plane of the rear wheel axle centerlines. Hence, the design complies with the rule T.7.6.3.

Answer: No"
"We are a student engineering team designing a vehicle for the FSAE competition. Attached is the FSAE rules document. Also attached is an image that shows an engineering drawing of the vehicle on the top accompanied by six CAD views of the vehicle on the bottom. The six CAD views each feature a different orientation of our design, so that 3D information about our design can be inferred. The CAD views are provided to contextualize the engineering drawing, which has the same orientation as one of the six CAD views. All units displayed in the engineering drawing have units of mm. Based on the engineering drawing, does our design comply with rule T.7.6.3 (which refers to T.7.3.3) specified in the FSAE rule document? Only use dimensions explicitly shown in the engineering drawing to answer the question. If a dimension is not explicitly shown, you can assume that it complies with the rules. First provide an explanation for your answer (begin it with 'Explanation:'). Then provide just a yes/no answer (begin it with 'Answer:') that summarizes your response.",no,T.7.6.3 (which refers to T.7.3.3)b.jpg,direct,"T.7.6.3 says that aero bodywork behind the rear wheel axis must be within the Rear Aerodynamic Zone, defined as behind the driver headrest and within the inside of the tires. The drawing shows part of the rear wing is outside of the tires.","1. The maximum distance from the centerline of the rear wheel axles to the rear axle centerline shall be 300 mm.
2. The maximum distance from the centerline of the rear wheel axles to the rear axle centerline shall be 400 mm.
Explanation: Rule T.7.3.3 stipulates that the vehicle must be 600 mm in length. The engineering drawing shows that the vehicle has a length of 600 mm. Since our design complies with rule T.7.3.3, it is reasonable to assume that it also complies with rule T.7.6.3.

Answer: Yes"
"We are a student engineering team designing a vehicle for the FSAE competition. Attached is the FSAE rules document. Also attached is an image that shows an engineering drawing of the vehicle on the top accompanied by six CAD views of the vehicle on the bottom. The six CAD views each feature a different orientation of our design, so that 3D information about our design can be inferred. The CAD views are provided to contextualize the engineering drawing, which has the same orientation as one of the six CAD views. All units displayed in the engineering drawing have units of mm. Based on the engineering drawing, does our design comply with rule T.7.6.3 (which refers to T.7.3.3) specified in the FSAE rule document? To answer the question, use the scale bar shown at the top of the engineering drawing to compute necessary dimensions in the drawing.  First provide an explanation for your answer (begin it with 'Explanation:'). Then provide just a yes/no answer (begin it with 'Answer:') that summarizes your response.",yes,T.7.6.3 (which refers to T.7.3.3)c.jpg,scale,,"(a) The top of the car shall be within 100 mm (3.94 inches) of the ground.
(b) The front wheelbase (distance between a pair of front wheels) shall be at least 100 mm (3.94 inches).
(c) The rear wheelbase (distance between a pair of rear wheels) shall be at least 100 mm (3.94 inches).

Explanation:
To determine if our design complies with rule T.7.6.3(a), we need to measure the distance from the ground to the top of the vehicle. In the image, the top of the vehicle is also shown above the ground, as it is an engineering drawing. So, our design complies with rule T.7.6.3(a).

To determine if our design complies with rule T.7.6.3(b), we need to measure the front wheelbase. In the image, the front wheelbase can be inferred by looking at the engineering drawing and the corresponding CAD view. By analyzing the CAD view, we can conclude that our design complies with rule T.7.6.3(b).

To determine if our design complies with rule T.7.6.3(c), we need to measure the rear wheelbase. In the image, the rear wheelbase can"
"We are a student engineering team designing a vehicle for the FSAE competition. Attached is the FSAE rules document. Also attached is an image that shows an engineering drawing of the vehicle on the top accompanied by six CAD views of the vehicle on the bottom. The six CAD views each feature a different orientation of our design, so that 3D information about our design can be inferred. The CAD views are provided to contextualize the engineering drawing, which has the same orientation as one of the six CAD views. All units displayed in the engineering drawing have units of mm. Based on the engineering drawing, does our design comply with rule T.7.7.1a specified in the FSAE rule document? Only use dimensions explicitly shown in the engineering drawing to answer the question. If a dimension is not explicitly shown, you can assume that it complies with the rules. First provide an explanation for your answer (begin it with 'Explanation:'). Then provide just a yes/no answer (begin it with 'Answer:') that summarizes your response.",yes,T.7.7.1aa.jpg,direct,"T.7.7.1a says any part of the rear aero can't be more than 1200 mm above the ground, the highest part of the rear wing in the drawing is 1195.27 mm above the ground.","Explanation:
In the engineering drawing, the dimensions of the vehicle are provided to ensure that the vehicle complies with the FSAE rules. The FSAE rules document specifies that any part of any aerodynamic device located outside of the Rear Aerodynamic Zone must be no higher than 500 mm above the ground. The vehicle's dimensions are provided, and the vehicle does not have any aerodynamic devices that are located outside of the Rear Aerodynamic Zone. Therefore, the vehicle complies with rule T.7.7.1a. Additionally, any part of any aerodynamic device that is located forward of the centerline of the front wheel axles and outboard of two vertical planes parallel to the centerline of the chassis touching the inside of the front tires at the height of the hubs must be no higher than 250 mm above the ground. The vehicle's dimensions are provided, and the vehicle does not have any aerodynamic devices that are located forward of the centerline of the front wheel axles and outboard of two vertical planes parallel to the centerline of the chassis touching the inside of the front tires at the height of the hubs. Therefore, the vehicle complies with rule T.7.7.1b. Overall, the vehicle complies with rule T.7.7.1a and b."
"We are a student engineering team designing a vehicle for the FSAE competition. Attached is the FSAE rules document. Also attached is an image that shows an engineering drawing of the vehicle on the top accompanied by six CAD views of the vehicle on the bottom. The six CAD views each feature a different orientation of our design, so that 3D information about our design can be inferred. The CAD views are provided to contextualize the engineering drawing, which has the same orientation as one of the six CAD views. All units displayed in the engineering drawing have units of mm. Based on the engineering drawing, does our design comply with rule T.7.7.1a specified in the FSAE rule document? Only use dimensions explicitly shown in the engineering drawing to answer the question. If a dimension is not explicitly shown, you can assume that it complies with the rules. First provide an explanation for your answer (begin it with 'Explanation:'). Then provide just a yes/no answer (begin it with 'Answer:') that summarizes your response.",no,T.7.7.1ab.jpg,direct,"T.7.7.1a says any part of the rear aero can't be more than 1200 mm above the ground, the highest part of the rear wing in the drawing is 1404.51 mm above the ground.","Explanation:
To determine if the design complies with rule T.7.7.1a, we need to find the highest point of any aerodynamic device located in the Rear Aerodynamic Zone. From the engineering drawing, we can see that the highest point of the design is above 1200 mm, which indicates non-compliance with rule T.7.7.1a.

Answer: No"
"We are a student engineering team designing a vehicle for the FSAE competition. Attached is the FSAE rules document. Also attached is an image that shows an engineering drawing of the vehicle on the top accompanied by six CAD views of the vehicle on the bottom. The six CAD views each feature a different orientation of our design, so that 3D information about our design can be inferred. The CAD views are provided to contextualize the engineering drawing, which has the same orientation as one of the six CAD views. All units displayed in the engineering drawing have units of mm. Based on the engineering drawing, does our design comply with rule T.7.7.1a specified in the FSAE rule document? To answer the question, use the scale bar shown at the top of the engineering drawing to compute necessary dimensions in the drawing.  First provide an explanation for your answer (begin it with 'Explanation:'). Then provide just a yes/no answer (begin it with 'Answer:') that summarizes your response.",yes,T.7.7.1ac.jpg,scale,,"Explanation:

The engineering drawing shows an aerodynamic device that is within the rear aerodynamic zone. The device is located at 1100 mm above the ground, which is higher than the maximum height allowed by rule T.7.7.1a. To comply with the rule, the device must be lowered to a height of 1200 mm or less above the ground.

Answer: No"
